Workbook

Sheet Сентябрь
A1: № | B1: ФИО Студента | C1: 1 | D1: 2 | E1: 3 | F1: 4 | G1: 5 | H1: 6 | I1: 7 | J1: 8 | K1: 9 | L1: 10 | M1: 11 | N1: 12 | O1: 13 | P1: 14 | Q1: 15 | R1: 16 | S1: 17 | T1: 18 | U1: 19 | V1: 20 | W1: 21 | X1: 22 | Y1: 23 | Z1: 24 | AA1: 25 | AB1: 26 | AC1: 27 | AD1: 28 | AE1: 29 | AF1: 30 | AG1: 31 | AH1: Всего пропусков
A2: 1 | B2: Иванов Иван | N2: Н | AH2: =COUNTIF(C2:AG2, "Н") + COUNTIF(C2:AG2, "Б") -> 0
A3: 2 | B3: Петров Петр | E3: Н | G3: Н | K3: Н | AA3: Н | AD3: Н | AE3: Н | AH3: =COUNTIF(C3:AG3, "Н") + COUNTIF(C3:AG3, "Б") -> 0
A4: 3 | B4: Сидоров Алексей | D4: Н | F4: Н | V4: Б | Z4: Н | AH4: =COUNTIF(C4:AG4, "Н") + COUNTIF(C4:AG4, "Б") -> 0
A5: 4 | B5: Кузнецова Анна | C5: Н | G5: Н | Y5: Н | AB5: Б | AF5: Н | AH5: =COUNTIF(C5:AG5, "Н") + COUNTIF(C5:AG5, "Б") -> 0
A6: 5 | B6: Смирнов Дмитрий | H6: Н | AE6: Б | AH6: =COUNTIF(C6:AG6, "Н") + COUNTIF(C6:AG6, "Б") -> 0
A7: 6 | B7: Васильева Елена | C7: Н | S7: Н | AF7: Н | AH7: =COUNTIF(C7:AG7, "Н") + COUNTIF(C7:AG7, "Б") -> 0

Sheet Октябрь
A1: № | B1: ФИО Студента | C1: 1 | D1: 2 | E1: 3 | F1: 4 | G1: 5 | H1: 6 | I1: 7 | J1: 8 | K1: 9 | L1: 10 | M1: 11 | N1: 12 | O1: 13 | P1: 14 | Q1: 15 | R1: 16 | S1: 17 | T1: 18 | U1: 19 | V1: 20 | W1: 21 | X1: 22 | Y1: 23 | Z1: 24 | AA1: 25 | AB1: 26 | AC1: 27 | AD1: 28 | AE1: 29 | AF1: 30 | AG1: 31 | AH1: Всего пропусков
A2: 1 | B2: Иванов Иван | H2: Н | T2: Н | AE2: Н | AH2: =COUNTIF(C2:AG2, "Н") + COUNTIF(C2:AG2, "Б") -> 0
A3: 2 | B3: Петров Петр | K3: Н | S3: Б | W3: Б | AH3: =COUNTIF(C3:AG3, "Н") + COUNTIF(C3:AG3, "Б") -> 0
A4: 3 | B4: Сидоров Алексей | U4: Б | V4: Н | W4: Н | AH4: =COUNTIF(C4:AG4, "Н") + COUNTIF(C4:AG4, "Б") -> 0
A5: 4 | B5: Кузнецова Анна | K5: Н | T5: Н | AH5: =COUNTIF(C5:AG5, "Н") + COUNTIF(C5:AG5, "Б") -> 0
A6: 5 | B6: Смирнов Дмитрий | AH6: =COUNTIF(C6:AG6, "Н") + COUNTIF(C6:AG6, "Б") -> 0
A7: 6 | B7: Васильева Елена | AF7: Б | AH7: =COUNTIF(C7:AG7, "Н") + COUNTIF(C7:AG7, "Б") -> 0

Sheet Ноябрь
A1: № | B1: ФИО Студента | C1: 1 | D1: 2 | E1: 3 | F1: 4 | G1: 5 | H1: 6 | I1: 7 | J1: 8 | K1: 9 | L1: 10 | M1: 11 | N1: 12 | O1: 13 | P1: 14 | Q1: 15 | R1: 16 | S1: 17 | T1: 18 | U1: 19 | V1: 20 | W1: 21 | X1: 22 | Y1: 23 | Z1: 24 | AA1: 25 | AB1: 26 | AC1: 27 | AD1: 28 | AE1: 29 | AF1: 30 | AG1: 31 | AH1: Всего пропусков
A2: 1 | B2: Иванов Иван | G2: Б | O2: Б | Q2: Н | R2: Н | AH2: =COUNTIF(C2:AG2, "Н") + COUNTIF(C2:AG2, "Б") -> 0
A3: 2 | B3: Петров Петр | N3: Б | U3: Н | AC3: Н | AH3: =COUNTIF(C3:AG3, "Н") + COUNTIF(C3:AG3, "Б") -> 0
A4: 3 | B4: Сидоров Алексей | M4: Б | O4: Б | AG4: Б | AH4: =COUNTIF(C4:AG4, "Н") + COUNTIF(C4:AG4, "Б") -> 0
A5: 4 | B5: Кузнецова Анна | AB5: Н | AH5: =COUNTIF(C5:AG5, "Н") + COUNTIF(C5:AG5, "Б") -> 0
A6: 5 | B6: Смирнов Дмитрий | E6: Н | J6: Н | T6: Н | AB6: Н | AH6: =COUNTIF(C6:AG6, "Н") + COUNTIF(C6:AG6, "Б") -> 0
A7: 6 | B7: Васильева Елена | K7: Б | M7: Н | AB7: Н | AH7: =COUNTIF(C7:AG7, "Н") + COUNTIF(C7:AG7, "Б") -> 0

Sheet ИТОГИ
A1: № | B1: ФИО | C1: Сентябрь | D1: Октябрь | E1: Ноябрь | F1: ОБЩИЙ ИТОГ
A2: 1 | B2: Иванов Иван | C2: ='Сентябрь'!AH2 -> 0 | D2: ='Октябрь'!AH2 -> 0 | E2: ='Ноябрь'!AH2 -> 0 | F2: =SUM(C2:E2) -> 0
A3: 2 | B3: Петров Петр | C3: ='Сентябрь'!AH3 -> 0 | D3: ='Октябрь'!AH3 -> 0 | E3: ='Ноябрь'!AH3 -> 0 | F3: =SUM(C3:E3) -> 0
A4: 3 | B4: Сидоров Алексей | C4: ='Сентябрь'!AH4 -> 0 | D4: ='Октябрь'!AH4 -> 0 | E4: ='Ноябрь'!AH4 -> 0 | F4: =SUM(C4:E4) -> 0
A5: 4 | B5: Кузнецова Анна | C5: ='Сентябрь'!AH5 -> 0 | D5: ='Октябрь'!AH5 -> 0 | E5: ='Ноябрь'!AH5 -> 0 | F5: =SUM(C5:E5) -> 0
A6: 5 | B6: Смирнов Дмитрий | C6: ='Сентябрь'!AH6 -> 0 | D6: ='Октябрь'!AH6 -> 0 | E6: ='Ноябрь'!AH6 -> 0 | F6: =SUM(C6:E6) -> 0
A7: 6 | B7: Васильева Елена | C7: ='Сентябрь'!AH7 -> 0 | D7: ='Октябрь'!AH7 -> 0 | E7: ='Ноябрь'!AH7 -> 0 | F7: =SUM(C7:E7) -> 0
