Workbook

Sheet 1 Четверть
A1: ФИО | B1: Математика | C1: Русский яз. | D1: Чтение | E1: Окр. мир | F1: Средний балл | G1: Итог четверти
A2: Алексеев А. | B2: 4 | C2: 5 | D2: 5 | E2: 3 | F2: =AVERAGE(B2:E2) -> 0 | G2: =ROUND(F2, 0) -> 0
A3: Борисов Б. | B3: 5 | C3: 5 | D3: 4 | E3: 5 | F3: =AVERAGE(B3:E3) -> 0 | G3: =ROUND(F3, 0) -> 0
A4: Викторов В. | B4: 4 | C4: 3 | D4: 4 | E4: 5 | F4: =AVERAGE(B4:E4) -> 0 | G4: =ROUND(F4, 0) -> 0
A5: Глебов Г. | B5: 3 | C5: 3 | D5: 4 | E5: 4 | F5: =AVERAGE(B5:E5) -> 0 | G5: =ROUND(F5, 0) -> 0
A6: Дмитриев Д. | B6: 4 | C6: 3 | D6: 3 | E6: 5 | F6: =AVERAGE(B6:E6) -> 0 | G6: =ROUND(F6, 0) -> 0
A7: Егоров Е. | B7: 5 | C7: 3 | D7: 3 | E7: 3 | F7: =AVERAGE(B7:E7) -> 0 | G7: =ROUND(F7, 0) -> 0

Sheet 2 Четверть
A1: ФИО | B1: Математика | C1: Русский яз. | D1: Чтение | E1: Окр. мир | F1: Средний балл | G1: Итог четверти
A2: Алексеев А. | B2: 5 | C2: 3 | D2: 5 | E2: 5 | F2: =AVERAGE(B2:E2) -> 0 | G2: =ROUND(F2, 0) -> 0
A3: Борисов Б. | B3: 5 | C3: 5 | D3: 3 | E3: 4 | F3: =AVERAGE(B3:E3) -> 0 | G3: =ROUND(F3, 0) -> 0
A4: Викторов В. | B4: 5 | C4: 5 | D4: 5 | E4: 4 | F4: =AVERAGE(B4:E4) -> 0 | G4: =ROUND(F4, 0) -> 0
A5: Глебов Г. | B5: 4 | C5: 3 | D5: 3 | E5: 3 | F5: =AVERAGE(B5:E5) -> 0 | G5: =ROUND(F5, 0) -> 0
A6: Дмитриев Д. | B6: 3 | C6: 3 | D6: 5 | E6: 5 | F6: =AVERAGE(B6:E6) -> 0 | G6: =ROUND(F6, 0) -> 0
A7: Егоров Е. | B7: 5 | C7: 3 | D7: 3 | E7: 5 | F7: =AVERAGE(B7:E7) -> 0 | G7: =ROUND(F7, 0) -> 0

Sheet 3 Четверть
A1: ФИО | B1: Математика | C1: Русский яз. | D1: Чтение | E1: Окр. мир | F1: Средний балл | G1: Итог четверти
A2: Алексеев А. | B2: 3 | C2: 3 | D2: 5 | E2: 5 | F2: =AVERAGE(B2:E2) -> 0 | G2: =ROUND(F2, 0) -> 0
A3: Борисов Б. | B3: 3 | C3: 3 | D3: 5 | E3: 4 | F3: =AVERAGE(B3:E3) -> 0 | G3: =ROUND(F3, 0) -> 0
A4: Викторов В. | B4: 3 | C4: 5 | D4: 5 | E4: 3 | F4: =AVERAGE(B4:E4) -> 0 | G4: =ROUND(F4, 0) -> 0
A5: Глебов Г. | B5: 5 | C5: 4 | D5: 3 | E5: 4 | F5: =AVERAGE(B5:E5) -> 0 | G5: =ROUND(F5, 0) -> 0
A6: Дмитриев Д. | B6: 5 | C6: 5 | D6: 5 | E6: 5 | F6: =AVERAGE(B6:E6) -> 0 | G6: =ROUND(F6, 0) -> 0
A7: Егоров Е. | B7: 5 | C7: 3 | D7: 3 | E7: 3 | F7: =AVERAGE(B7:E7) -> 0 | G7: =ROUND(F7, 0) -> 0

Sheet 4 Четверть
A1: ФИО | B1: Математика | C1: Русский яз. | D1: Чтение | E1: Окр. мир | F1: Средний балл | G1: Итог четверти
A2: Алексеев А. | B2: 3 | C2: 5 | D2: 5 | E2: 4 | F2: =AVERAGE(B2:E2) -> 0 | G2: =ROUND(F2, 0) -> 0
A3: Борисов Б. | B3: 3 | C3: 5 | D3: 5 | E3: 4 | F3: =AVERAGE(B3:E3) -> 0 | G3: =ROUND(F3, 0) -> 0
A4: Викторов В. | B4: 5 | C4: 3 | D4: 5 | E4: 5 | F4: =AVERAGE(B4:E4) -> 0 | G4: =ROUND(F4, 0) -> 0
A5: Глебов Г. | B5: 4 | C5: 4 | D5: 5 | E5: 3 | F5: =AVERAGE(B5:E5) -> 0 | G5: =ROUND(F5, 0) -> 0
A6: Дмитриев Д. | B6: 3 | C6: 5 | D6: 4 | E6: 3 | F6: =AVERAGE(B6:E6) -> 0 | G6: =ROUND(F6, 0) -> 0
A7: Егоров Е. | B7: 3 | C7: 3 | D7: 4 | E7: 3 | F7: =AVERAGE(B7:E7) -> 0 | G7: =ROUND(F7, 0) -> 0

Sheet ГОДОВЫЕ ИТОГИ
A1: ФИО | B1: 1 Четверть | C1: 2 Четверть | D1: 3 Четверть | E1: 4 Четверть | F1: ГОДОВАЯ
A2: Алексеев А. | B2: ='1 Четверть'!G2 -> 0 | C2: ='2 Четверть'!G2 -> 0 | D2: ='3 Четверть'!G2 -> 0 | E2: ='4 Четверть'!G2 -> 0 | F2: =ROUND(AVERAGE(B2:E2), 0) -> 0
A3: Борисов Б. | B3: ='1 Четверть'!G3 -> 0 | C3: ='2 Четверть'!G3 -> 0 | D3: ='3 Четверть'!G3 -> 0 | E3: ='4 Четверть'!G3 -> 0 | F3: =ROUND(AVERAGE(B3:E3), 0) -> 0
A4: Викторов В. | B4: ='1 Четверть'!G4 -> 0 | C4: ='2 Четверть'!G4 -> 0 | D4: ='3 Четверть'!G4 -> 0 | E4: ='4 Четверть'!G4 -> 0 | F4: =ROUND(AVERAGE(B4:E4), 0) -> 0
A5: Глебов Г. | B5: ='1 Четверть'!G5 -> 0 | C5: ='2 Четверть'!G5 -> 0 | D5: ='3 Четверть'!G5 -> 0 | E5: ='4 Четверть'!G5 -> 0 | F5: =ROUND(AVERAGE(B5:E5), 0) -> 0
A6: Дмитриев Д. | B6: ='1 Четверть'!G6 -> 0 | C6: ='2 Четверть'!G6 -> 0 | D6: ='3 Четверть'!G6 -> 0 | E6: ='4 Четверть'!G6 -> 0 | F6: =ROUND(AVERAGE(B6:E6), 0) -> 0
A7: Егоров Е. | B7: ='1 Четверть'!G7 -> 0 | C7: ='2 Четверть'!G7 -> 0 | D7: ='3 Четверть'!G7 -> 0 | E7: ='4 Четверть'!G7 -> 0 | F7: =ROUND(AVERAGE(B7:E7), 0) -> 0
A8: Ср. балл класса: | B8: =AVERAGE(B2:B7) -> 0 | C8: =AVERAGE(C2:C7) -> 0 | D8: =AVERAGE(D2:D7) -> 0 | E8: =AVERAGE(E2:E7) -> 0
